,,No focal subject,No focal subject,No focal subject,No focal subject,No focal subject,No focal subject,No focal subject,No focal subject,No focal subject,No focal subject,No focal subject,No focal subject,No focal subject,No focal subject,No focal subject,No focal subject,No focal subject,No focal subject,No focal subject,No focal subject,No focal subject,No focal subject,No focal subject,No focal subject,No focal subject,No focal subject,No focal subject,No focal subject,No focal subject,No focal subject,No focal subject,No focal subject,No focal subject,No focal subject,No focal subject,No focal subject,No focal subject,No focal subject,No focal subject,No focal subject,Queen (57),Queen (57),Queen (57),Queen (57),Queen (57),Queen (57),Queen (57),Queen (57),Queen (57),Queen (57),Queen (57),Queen (57),Queen (57),Queen (57),Queen (57),Queen (57),Queen (57),Queen (57),Queen (57),Queen (57),Queen (57),Queen (57),Queen (57),Queen (57),Queen (57),Queen (57),Queen (57),Queen (57),Queen (57),Queen (57),Queen (57),Queen (57),Queen (57),Queen (57),Queen (57),Queen (57),Queen (57),Queen (57),Queen (57),Queen (57),Worker 1 (23),Worker 1 (23),Worker 1 (23),Worker 1 (23),Worker 1 (23),Worker 1 (23),Worker 1 (23),Worker 1 (23),Worker 1 (23),Worker 1 (23),Worker 1 (23),Worker 1 (23),Worker 1 (23),Worker 1 (23),Worker 1 (23),Worker 1 (23),Worker 1 (23),Worker 1 (23),Worker 1 (23),Worker 1 (23),Worker 1 (23),Worker 1 (23),Worker 1 (23),Worker 1 (23),Worker 1 (23),Worker 1 (23),Worker 1 (23),Worker 1 (23),Worker 1 (23),Worker 1 (23),Worker 1 (23),Worker 1 (23),Worker 1 (23),Worker 1 (23),Worker 1 (23),Worker 1 (23),Worker 1 (23),Worker 1 (23),Worker 1 (23),Worker 1 (23),Worker 3 (36),Worker 3 (36),Worker 3 (36),Worker 3 (36),Worker 3 (36),Worker 3 (36),Worker 3 (36),Worker 3 (36),Worker 3 (36),Worker 3 (36),Worker 3 (36),Worker 3 (36),Worker 3 (36),Worker 3 (36),Worker 3 (36),Worker 3 (36),Worker 3 (36),Worker 3 (36),Worker 3 (36),Worker 3 (36),Worker 3 (36),Worker 3 (36),Worker 3 (36),Worker 3 (36),Worker 3 (36),Worker 3 (36),Worker 3 (36),Worker 3 (36),Worker 3 (36),Worker 3 (36),Worker 3 (36),Worker 3 (36),Worker 3 (36),Worker 3 (36),Worker 3 (36),Worker 3 (36),Worker 3 (36),Worker 3 (36),Worker 3 (36),Worker 3 (36),Worker 4 (18),Worker 4 (18),Worker 4 (18),Worker 4 (18),Worker 4 (18),Worker 4 (18),Worker 4 (18),Worker 4 (18),Worker 4 (18),Worker 4 (18),Worker 4 (18),Worker 4 (18),Worker 4 (18),Worker 4 (18),Worker 4 (18),Worker 4 (18),Worker 4 (18),Worker 4 (18),Worker 4 (18),Worker 4 (18),Worker 4 (18),Worker 4 (18),Worker 4 (18),Worker 4 (18),Worker 4 (18),Worker 4 (18),Worker 4 (18),Worker 4 (18),Worker 4 (18),Worker 4 (18),Worker 4 (18),Worker 4 (18),Worker 4 (18),Worker 4 (18),Worker 4 (18),Worker 4 (18),Worker 4 (18),Worker 4 (18),Worker 4 (18),Worker 4 (18),Worker 5 (60),Worker 5 (60),Worker 5 (60),Worker 5 (60),Worker 5 (60),Worker 5 (60),Worker 5 (60),Worker 5 (60),Worker 5 (60),Worker 5 (60),Worker 5 (60),Worker 5 (60),Worker 5 (60),Worker 5 (60),Worker 5 (60),Worker 5 (60),Worker 5 (60),Worker 5 (60),Worker 5 (60),Worker 5 (60),Worker 5 (60),Worker 5 (60),Worker 5 (60),Worker 5 (60),Worker 5 (60),Worker 5 (60),Worker 5 (60),Worker 5 (60),Worker 5 (60),Worker 5 (60),Worker 5 (60),Worker 5 (60),Worker 5 (60),Worker 5 (60),Worker 5 (60),Worker 5 (60),Worker 5 (60),Worker 5 (60),Worker 5 (60),Worker 5 (60),Worker 6 (72),Worker 6 (72),Worker 6 (72),Worker 6 (72),Worker 6 (72),Worker 6 (72),Worker 6 (72),Worker 6 (72),Worker 6 (72),Worker 6 (72),Worker 6 (72),Worker 6 (72),Worker 6 (72),Worker 6 (72),Worker 6 (72),Worker 6 (72),Worker 6 (72),Worker 6 (72),Worker 6 (72),Worker 6 (72),Worker 6 (72),Worker 6 (72),Worker 6 (72),Worker 6 (72),Worker 6 (72),Worker 6 (72),Worker 6 (72),Worker 6 (72),Worker 6 (72),Worker 6 (72),Worker 6 (72),Worker 6 (72),Worker 6 (72),Worker 6 (72),Worker 6 (72),Worker 6 (72),Worker 6 (72),Worker 6 (72),Worker 6 (72),Worker 6 (72),Unknown,Unknown,Unknown,Unknown,Unknown,Unknown,Unknown,Unknown,Unknown,Unknown,Unknown,Unknown,Unknown,Unknown,Unknown,Unknown,Unknown,Unknown,Unknown,Unknown,Unknown,Unknown,Unknown,Unknown,Unknown,Unknown,Unknown,Unknown,Unknown,Unknown,Unknown,Unknown,Unknown,Unknown,Unknown,Unknown,Unknown,Unknown,Unknown,Unknown
,,broodmanipulate,broodmanipulate,broodmanipulate,broodmanipulate,broodmanipulate,end,end,end,end,end,feedsbrood,feedsbrood,feedsbrood,feedsbrood,feedsbrood,incubate,incubate,incubate,incubate,incubate,nectarforaging,nectarforaging,nectarforaging,nectarforaging,nectarforaging,offbrood,offbrood,offbrood,offbrood,offbrood,pollenforaging,pollenforaging,pollenforaging,pollenforaging,pollenforaging,waxmanipulate,waxmanipulate,waxmanipulate,waxmanipulate,waxmanipulate,broodmanipulate,broodmanipulate,broodmanipulate,broodmanipulate,broodmanipulate,end,end,end,end,end,feedsbrood,feedsbrood,feedsbrood,feedsbrood,feedsbrood,incubate,incubate,incubate,incubate,incubate,nectarforaging,nectarforaging,nectarforaging,nectarforaging,nectarforaging,offbrood,offbrood,offbrood,offbrood,offbrood,pollenforaging,pollenforaging,pollenforaging,pollenforaging,pollenforaging,waxmanipulate,waxmanipulate,waxmanipulate,waxmanipulate,waxmanipulate,broodmanipulate,broodmanipulate,broodmanipulate,broodmanipulate,broodmanipulate,end,end,end,end,end,feedsbrood,feedsbrood,feedsbrood,feedsbrood,feedsbrood,incubate,incubate,incubate,incubate,incubate,nectarforaging,nectarforaging,nectarforaging,nectarforaging,nectarforaging,offbrood,offbrood,offbrood,offbrood,offbrood,pollenforaging,pollenforaging,pollenforaging,pollenforaging,pollenforaging,waxmanipulate,waxmanipulate,waxmanipulate,waxmanipulate,waxmanipulate,broodmanipulate,broodmanipulate,broodmanipulate,broodmanipulate,broodmanipulate,end,end,end,end,end,feedsbrood,feedsbrood,feedsbrood,feedsbrood,feedsbrood,incubate,incubate,incubate,incubate,incubate,nectarforaging,nectarforaging,nectarforaging,nectarforaging,nectarforaging,offbrood,offbrood,offbrood,offbrood,offbrood,pollenforaging,pollenforaging,pollenforaging,pollenforaging,pollenforaging,waxmanipulate,waxmanipulate,waxmanipulate,waxmanipulate,waxmanipulate,broodmanipulate,broodmanipulate,broodmanipulate,broodmanipulate,broodmanipulate,end,end,end,end,end,feedsbrood,feedsbrood,feedsbrood,feedsbrood,feedsbrood,incubate,incubate,incubate,incubate,incubate,nectarforaging,nectarforaging,nectarforaging,nectarforaging,nectarforaging,offbrood,offbrood,offbrood,offbrood,offbrood,pollenforaging,pollenforaging,pollenforaging,pollenforaging,pollenforaging,waxmanipulate,waxmanipulate,waxmanipulate,waxmanipulate,waxmanipulate,broodmanipulate,broodmanipulate,broodmanipulate,broodmanipulate,broodmanipulate,end,end,end,end,end,feedsbrood,feedsbrood,feedsbrood,feedsbrood,feedsbrood,incubate,incubate,incubate,incubate,incubate,nectarforaging,nectarforaging,nectarforaging,nectarforaging,nectarforaging,offbrood,offbrood,offbrood,offbrood,offbrood,pollenforaging,pollenforaging,pollenforaging,pollenforaging,pollenforaging,waxmanipulate,waxmanipulate,waxmanipulate,waxmanipulate,waxmanipulate,broodmanipulate,broodmanipulate,broodmanipulate,broodmanipulate,broodmanipulate,end,end,end,end,end,feedsbrood,feedsbrood,feedsbrood,feedsbrood,feedsbrood,incubate,incubate,incubate,incubate,incubate,nectarforaging,nectarforaging,nectarforaging,nectarforaging,nectarforaging,offbrood,offbrood,offbrood,offbrood,offbrood,pollenforaging,pollenforaging,pollenforaging,pollenforaging,pollenforaging,waxmanipulate,waxmanipulate,waxmanipulate,waxmanipulate,waxmanipulate,broodmanipulate,broodmanipulate,broodmanipulate,broodmanipulate,broodmanipulate,end,end,end,end,end,feedsbrood,feedsbrood,feedsbrood,feedsbrood,feedsbrood,incubate,incubate,incubate,incubate,incubate,nectarforaging,nectarforaging,nectarforaging,nectarforaging,nectarforaging,offbrood,offbrood,offbrood,offbrood,offbrood,pollenforaging,pollenforaging,pollenforaging,pollenforaging,pollenforaging,waxmanipulate,waxmanipulate,waxmanipulate,waxmanipulate,waxmanipulate
,Total length (s),Total duration,Number of occurrences,Duration mean,Duration std dev,Proportion of time,Total duration,Number of occurrences,Duration mean,Duration std dev,Proportion of time,Total duration,Number of occurrences,Duration mean,Duration std dev,Proportion of time,Total duration,Number of occurrences,Duration mean,Duration std dev,Proportion of time,Total duration,Number of occurrences,Duration mean,Duration std dev,Proportion of time,Total duration,Number of occurrences,Duration mean,Duration std dev,Proportion of time,Total duration,Number of occurrences,Duration mean,Duration std dev,Proportion of time,Total duration,Number of occurrences,Duration mean,Duration std dev,Proportion of time,Total duration,Number of occurrences,Duration mean,Duration std dev,Proportion of time,Total duration,Number of occurrences,Duration mean,Duration std dev,Proportion of time,Total duration,Number of occurrences,Duration mean,Duration std dev,Proportion of time,Total duration,Number of occurrences,Duration mean,Duration std dev,Proportion of time,Total duration,Number of occurrences,Duration mean,Duration std dev,Proportion of time,Total duration,Number of occurrences,Duration mean,Duration std dev,Proportion of time,Total duration,Number of occurrences,Duration mean,Duration std dev,Proportion of time,Total duration,Number of occurrences,Duration mean,Duration std dev,Proportion of time,Total duration,Number of occurrences,Duration mean,Duration std dev,Proportion of time,Total duration,Number of occurrences,Duration mean,Duration std dev,Proportion of time,Total duration,Number of occurrences,Duration mean,Duration std dev,Proportion of time,Total duration,Number of occurrences,Duration mean,Duration std dev,Proportion of time,Total duration,Number of occurrences,Duration mean,Duration std dev,Proportion of time,Total duration,Number of occurrences,Duration mean,Duration std dev,Proportion of time,Total duration,Number of occurrences,Duration mean,Duration std dev,Proportion of time,Total duration,Number of occurrences,Duration mean,Duration std dev,Proportion of time,Total duration,Number of occurrences,Duration mean,Duration std dev,Proportion of time,Total duration,Number of occurrences,Duration mean,Duration std dev,Proportion of time,Total duration,Number of occurrences,Duration mean,Duration std dev,Proportion of time,Total duration,Number of occurrences,Duration mean,Duration std dev,Proportion of time,Total duration,Number of occurrences,Duration mean,Duration std dev,Proportion of time,Total duration,Number of occurrences,Duration mean,Duration std dev,Proportion of time,Total duration,Number of occurrences,Duration mean,Duration std dev,Proportion of time,Total duration,Number of occurrences,Duration mean,Duration std dev,Proportion of time,Total duration,Number of occurrences,Duration mean,Duration std dev,Proportion of time,Total duration,Number of occurrences,Duration mean,Duration std dev,Proportion of time,Total duration,Number of occurrences,Duration mean,Duration std dev,Proportion of time,Total duration,Number of occurrences,Duration mean,Duration std dev,Proportion of time,Total duration,Number of occurrences,Duration mean,Duration std dev,Proportion of time,Total duration,Number of occurrences,Duration mean,Duration std dev,Proportion of time,Total duration,Number of occurrences,Duration mean,Duration std dev,Proportion of time,Total duration,Number of occurrences,Duration mean,Duration std dev,Proportion of time,Total duration,Number of occurrences,Duration mean,Duration std dev,Proportion of time,Total duration,Number of occurrences,Duration mean,Duration std dev,Proportion of time,Total duration,Number of occurrences,Duration mean,Duration std dev,Proportion of time,Total duration,Number of occurrences,Duration mean,Duration std dev,Proportion of time,Total duration,Number of occurrences,Duration mean,Duration std dev,Proportion of time,Total duration,Number of occurrences,Duration mean,Duration std dev,Proportion of time,Total duration,Number of occurrences,Duration mean,Duration std dev,Proportion of time,Total duration,Number of occurrences,Duration mean,Duration std dev,Proportion of time,Total duration,Number of occurrences,Duration mean,Duration std dev,Proportion of time,Total duration,Number of occurrences,Duration mean,Duration std dev,Proportion of time,Total duration,Number of occurrences,Duration mean,Duration std dev,Proportion of time,Total duration,Number of occurrences,Duration mean,Duration std dev,Proportion of time,Total duration,Number of occurrences,Duration mean,Duration std dev,Proportion of time,Total duration,Number of occurrences,Duration mean,Duration std dev,Proportion of time,Total duration,Number of occurrences,Duration mean,Duration std dev,Proportion of time,Total duration,Number of occurrences,Duration mean,Duration std dev,Proportion of time,Total duration,Number of occurrences,Duration mean,Duration std dev,Proportion of time,Total duration,Number of occurrences,Duration mean,Duration std dev,Proportion of time,Total duration,Number of occurrences,Duration mean,Duration std dev,Proportion of time,Total duration,Number of occurrences,Duration mean,Duration std dev,Proportion of time,Total duration,Number of occurrences,Duration mean,Duration std dev,Proportion of time,Total duration,Number of occurrences,Duration mean,Duration std dev,Proportion of time,Total duration,Number of occurrences,Duration mean,Duration std dev,Proportion of time,Total duration,Number of occurrences,Duration mean,Duration std dev,Proportion of time
QF07	20180813	1,1565.480,0,0,0,0,0,0,0,0,0,0,0,0,0,0,0,0,0,0,0,0,0,0,0,0,0,0,0,0,0,0,0,0,0,0,0,0,0,0,0,0,0,0,0,0,0,0,0,0,0,0,0,0,0,0,0,0,0,0,0,0,0,0,0,0,0,0,0,0,0,0,0,0,0,0,0,0,0,0,0,0,0,0,0,0,0,0,0,0,0,0,0,0,0,0,0,0,0,0,0,0,0,0,0,0,0,0,0,0,0,0,0,0,0,0,0,0,0,0,0,0,0,0,0,0,0,0,0,0,0,0,0,0,0,0,0,0,0,0,0,0,0,0,0,0,0,0,0,0,0,0,0,0,0,0,0,0,0,0,0,0,0,0,0,0,0,0,0,0,0,0,0,0,0,0,0,0,0,0,0,0,0,0,0,0,0,0,0,0,0,0,0,0,0,0,0,0,0,0,0,0,0,0,0,0,0,0,0,0,0,0,0,0,0,0,0,0,0,0,0,0,0,0,0,0,0,0,0,0,0,0,0,0,0,0,0,0,0,0,0,0,0,0,0,0,0,0,0,0,0,0,0,0,0,0,0,0,0,0,0,0,0,0,0,0,0,0,0,0,0,0,0,0,0,0,0,0,0,0,0,0,0,0,0,0,0,0,0,0,0,0,0,0,0,0,0,0,0,0,0,0,0,0,0,0,0,0,0,0,0,0,0,0,0,0,0,0,0,0,0,0
QF07	20180813	16,1543.440,0,0,0,0,0,0,0,0,0,0,0,0,0,0,0,0,0,0,0,0,106.602,1,106.602,0,0.069,0,0,0,0,0,60.478,3,20.159,24.598,0.039,0,0,0,0,0,0,0,0,0,0,0,0,0,0,0,0,0,0,0,0,0,0,0,0,0,0,0,0,0,0,0,0,0,0,0,0,0,0,0,0,0,0,0,0,0,0,0,0,0,0,0,0,0,0,0,0,0,0,0,0,0,0,0,0,0,0,0,0,0,0,0,0,0,0,0,0,0,0,0,0,0,0,0,0,0,0,0,0,0,0,0,0,0,0,0,0,0,0,0,0,0,0,0,0,0,0,0,0,0,0,0,0,0,0,0,0,0,0,0,0,0,0,0,0,0,0,0,0,0,0,0,0,0,0,0,0,0,0,0,0,0,0,0,0,0,0,0,0,0,0,0,0,0,0,0,0,0,0,0,0,0,0,0,0,0,0,0,0,0,0,0,0,0,0,0,0,0,0,0,0,0,0,0,0,0,0,0,0,0,0,0,0,0,0,0,0,0,0,0,0,0,0,0,0,0,0,0,0,0,0,0,0,0,0,0,0,0,0,0,0,0,0,0,0,0,0,0,0,0,0,0,0,0,0,0,0,0,0,0,0,0,0,0,0,0,0,0,0,0,0,0,0,0,0,0,0,0,0,0,0,0,0,0,0,0,0,0,0,0,0,0,0,0,0,0,0,0,0,0,0,0,0,0,0,0
QF07	20180821	15,3564.400,0,0,0,0,0,0,0,0,0,0,0,0,0,0,0,0,0,0,0,0,816.414,18,45.356,34.795,0.229,0,0,0,0,0,811.312,10,81.131,121.386,0.228,0,0,0,0,0,0,0,0,0,0,0,0,0,0,0,0,0,0,0,0,0,0,0,0,0,0,0,0,0,0,0,0,0,0,0,0,0,0,0,0,0,0,0,0,0,0,0,0,0,0,0,0,0,0,0,0,0,0,0,0,0,0,0,0,0,0,0,0,0,0,0,0,0,0,0,0,0,0,0,0,0,0,0,0,0,0,0,0,0,0,0,0,0,0,0,0,0,0,0,0,0,0,0,0,0,0,0,0,0,0,0,0,0,0,0,0,0,0,0,0,0,0,0,0,0,0,0,0,0,0,0,0,0,0,0,0,0,0,0,0,0,0,0,0,0,0,0,0,0,0,0,0,0,0,0,0,0,0,0,0,0,0,0,0,0,0,0,0,0,0,0,0,0,0,0,0,0,0,0,0,0,0,0,0,0,0,0,0,0,0,0,0,0,0,0,0,0,0,0,0,0,0,0,0,0,0,0,0,0,0,0,0,0,0,0,0,0,0,0,0,0,0,0,0,0,0,0,0,0,0,0,0,0,0,0,0,0,0,0,0,0,0,0,0,0,0,0,0,0,0,0,0,0,0,0,0,0,0,0,0,0,0,0,0,0,0,0,0,0,0,0,0,0,0,0,0,0,0,0,0,0,0,0,0,0
for	QF07	20180813	13,2424.000,0,0,0,0,0,0,0,0,0,0,0,0,0,0,0,0,0,0,0,0,0,0,0,0,0,0,0,0,0,0,0,0,0,0,0,0,0,0,0,0,0,0,0,0,0,0,0,0,0,0,0,0,0,0,0,0,0,0,0,0,0,0,0,0,0,0,0,0,0,0,0,0,0,0,0,0,0,0,0,0,0,0,0,0,0,0,0,0,0,0,0,0,0,0,0,0,0,0,0,0,0,0,0,0,0,0,0,0,0,0,0,0,0,0,0,0,0,0,0,0,0,0,0,0,0,0,0,0,0,0,0,0,0,0,0,0,0,0,0,0,0,0,0,0,0,0,0,0,0,0,0,0,0,0,0,0,0,0,0,0,0,0,0,0,0,0,0,0,0,0,0,0,0,0,0,0,0,0,0,0,0,0,0,0,0,0,0,0,0,0,0,0,0,0,0,0,0,0,0,0,0,0,0,0,0,0,0,0,0,0,0,0,0,0,0,0,0,0,0,0,0,0,0,0,0,0,0,0,0,0,0,0,0,0,0,0,0,0,0,0,0,0,0,0,0,0,0,0,0,0,0,0,0,0,0,0,0,0,0,0,0,0,0,0,0,0,0,0,0,0,0,0,0,0,0,0,0,0,0,0,0,0,0,0,0,0,0,0,0,0,0,0,0,0,0,0,0,0,0,0,0,0,0,0,0,0,0,0,0,0,0,0,0,0,0,0,0,0,0,0
for	QF07	20180813	18,1463.120,0,0,0,0,0,0,0,0,0,0,0,0,0,0,0,0,0,0,0,0,0,0,0,0,0,0,0,0,0,0,0,0,0,0,0,0,0,0,0,0,0,0,0,0,0,0,0,0,0,0,0,0,0,0,0,0,0,0,0,0,0,0,0,0,0,0,0,0,0,0,0,0,0,0,0,0,0,0,0,0,0,0,0,0,0,0,0,0,0,0,0,0,0,0,0,0,0,0,0,0,0,0,0,0,0,0,0,0,0,0,0,0,0,0,0,0,0,0,0,0,0,0,0,0,0,0,0,0,0,0,0,0,0,0,0,0,0,0,0,0,0,0,0,0,0,0,0,0,0,0,0,0,0,0,0,0,0,0,0,0,0,0,0,0,0,0,0,0,0,0,0,0,0,0,0,0,0,0,0,0,0,0,0,0,0,0,0,0,0,0,0,0,0,0,0,0,0,0,0,0,0,0,0,0,0,0,0,0,0,0,0,0,0,0,0,0,0,0,0,0,0,0,0,0,0,0,0,0,0,0,0,0,0,0,0,0,0,0,0,0,0,0,0,0,0,0,0,0,0,0,0,0,0,0,0,0,0,0,0,0,0,0,0,0,0,0,0,0,0,0,28.044,2,14.022,10.072,0.019,0,0,0,0,0,0,0,0,0,0,0,0,0,0,0,0,0,0,0,0,0,0,0,0,0,0,0,0,0,0,0,0,0,0,0,3.950,1,3.950,0,0.003,0,0,0,0,0
for	QF07	20180813	8,1730.280,0,0,0,0,0,0,0,0,0,0,0,0,0,0,0,0,0,0,0,0,0,0,0,0,0,0,0,0,0,0,0,0,0,0,0,0,0,0,0,0,0,0,0,0,0,0,0,0,0,0,0,0,0,0,0,0,0,0,0,0,0,0,0,0,0,0,0,0,0,0,0,0,0,0,0,0,0,0,0,0,0,0,0,0,0,0,0,0,0,0,0,0,0,0,0,0,0,0,0,0,0,0,0,0,0,0,0,0,0,0,0,0,0,0,0,0,0,0,0,0,0,0,0,0,0,0,0,0,0,0,0,0,0,0,0,0,0,0,0,0,0,0,0,0,0,0,0,0,0,0,596.147,13,45.857,36.581,0.345,0,0,0,0,0,0,0,0,0,0,0,0,0,0,0,0,0,0,0,0,0,0,0,0,0,0,0,0,0,0,0,0,0,0,0,0,0,0,0,0,0,0,0,0,0,0,0,0,0,0,0,0,0,0,0,0,0,0,0,0,0,0,0,0,0,0,0,0,0,0,0,0,0,0,0,0,0,0,0,0,0,0,0,0,0,0,0,0,0,0,0,0,0,0,0,0,0,0,0,0,0,0,0,0,0,0,0,0,0,0,0,0,0,0,0,0,0,0,0,0,0,0,0,0,0,0,0,0,0,0,0,0,0,0,0,0,0,0,0,0,0,0,0,0,0,187.959,7,26.851,18.557,0.109,0,0,0,0,0,39.037,1,39.037,0,0.023,0,0,0,0,0
for	QF07	20180814	3,1045.560,0,0,0,0,0,0,0,0,0,0,0,0,0,0,0,0,0,0,0,0,0,0,0,0,0,0,0,0,0,0,0,0,0,0,0,0,0,0,0,0,0,0,0,0,0,0,0,0,0,0,0,0,0,0,0,0,0,0,0,0,0,0,0,0,0,0,0,0,0,0,0,0,0,0,0,0,0,0,0,0,0,0,0,0,0,0,0,0,0,0,0,0,0,0,0,0,0,0,0,0,0,0,0,0,0,0,0,0,0,0,0,0,0,0,0,0,0,0,0,0,0,0,0,0,0,0,0,0,0,0,0,0,0,0,0,0,0,0,0,0,0,0,0,0,0,0,0,0,0,0,0,0,0,0,0,0,0,0,0,0,0,0,0,0,0,0,0,0,0,0,0,0,0,0,0,0,0,0,0,0,0,0,0,0,0,0,0,0,0,0,0,0,0,0,0,0,0,0,0,0,0,0,0,0,0,0,0,0,0,0,0,0,0,0,0,0,0,0,0,0,0,0,0,0,0,0,0,0,0,0,0,0,0,0,0,0,0,0,0,0,0,0,0,0,0,0,0,0,0,0,0,0,0,0,0,0,0,0,0,0,0,0,0,0,0,0,0,0,0,0,0,0,0,0,0,0,0,0,0,0,0,0,0,0,0,0,0,0,0,0,0,0,0,0,0,0,0,0,0,0,0,0,0,0,0,0,0,0,0,0,0,0,0,0,0,0,0,0,0,0
for	QF07	20180814	5,1216.400,0,0,0,0,0,0,0,0,0,0,0,0,0,0,0,0,0,0,0,0,0,0,0,0,0,0,0,0,0,0,0,0,0,0,0,0,0,0,0,0,0,0,0,0,0,0,0,0,0,0,0,0,0,0,0,0,0,0,0,0,0,0,0,0,0,0,0,0,0,0,0,0,0,0,0,0,0,0,0,0,0,0,0,0,0,0,0,0,0,0,0,0,0,0,0,0,0,0,0,0,0,0,0,0,0,0,0,0,0,0,0,0,0,0,0,0,0,0,0,0,0,0,0,0,0,0,0,0,0,0,0,0,0,0,0,0,0,0,0,0,0,0,0,0,0,0,0,0,0,0,0,0,0,0,0,0,0,0,0,0,0,0,0,0,0,0,0,0,0,0,0,0,0,0,0,0,0,0,0,0,0,0,0,0,0,0,0,0,0,0,0,0,0,0,0,0,0,0,0,0,0,0,0,0,0,0,0,0,0,0,0,0,0,0,0,0,0,0,0,0,0,0,0,0,0,0,0,0,0,0,0,0,0,0,0,0,0,0,0,0,0,0,0,0,0,0,0,0,0,0,0,0,0,0,0,0,0,0,0,0,0,0,0,0,0,0,0,0,0,0,0,0,0,0,0,0,0,0,0,0,0,0,0,0,0,0,0,0,0,0,0,0,0,0,0,0,0,0,0,0,0,0,0,0,0,0,0,0,0,0,0,0,0,0,0,0,0,0,0,0
for	QF07	20180814	6,1440.720,0,0,0,0,0,0,0,0,0,0,0,0,0,0,0,0,0,0,0,0,0,0,0,0,0,0,0,0,0,0,0,0,0,0,0,0,0,0,0,0,0,0,0,0,0,0,0,0,0,0,0,0,0,0,0,0,0,0,0,0,0,0,0,0,0,0,0,0,0,0,0,0,0,0,0,0,0,0,0,0,0,0,0,0,0,0,0,0,0,0,0,0,0,0,0,0,0,0,0,0,0,0,0,0,0,0,0,0,0,0,0,0,0,0,0,0,0,0,0,0,0,0,0,0,0,0,0,0,0,0,0,0,0,0,0,0,0,0,0,0,0,0,0,0,0,0,0,0,0,0,0,0,0,0,0,0,0,0,0,0,0,0,0,0,0,0,0,0,0,0,0,0,0,0,0,0,0,0,0,0,0,0,0,0,0,0,0,0,0,0,0,0,0,0,0,0,0,0,0,0,0,0,0,0,0,0,0,0,0,0,0,0,0,0,0,0,0,0,0,0,0,0,0,0,0,0,0,0,0,0,0,0,0,0,0,0,0,0,0,0,0,0,0,0,0,0,0,0,0,0,0,0,0,0,0,0,0,0,0,0,0,0,0,0,0,0,0,0,0,0,0,0,0,0,0,0,0,0,0,0,0,0,0,0,0,0,0,0,0,0,0,0,0,0,0,0,0,0,0,0,0,0,0,0,0,0,0,0,0,0,0,0,0,0,0,0,0,0,0,0
for	QF07	20180819	1,2277.160,0,0,0,0,0,0,0,0,0,0,0,0,0,0,0,0,0,0,0,0,0,0,0,0,0,0,0,0,0,0,0,0,0,0,0,0,0,0,0,0,0,0,0,0,0,0,0,0,0,0,0,0,0,0,0,0,0,0,0,0,0,0,0,0,0,0,0,0,0,0,0,0,0,0,0,0,0,0,0,0,0,0,0,0,0,0,0,0,0,0,0,0,0,0,0,0,0,0,0,0,0,0,0,0,0,0,0,0,0,0,0,0,0,0,0,0,0,0,0,0,0,0,0,0,0,0,0,0,0,0,0,0,0,0,0,0,0,0,0,0,0,0,0,0,0,0,0,0,0,0,315.673,2,157.837,52.513,0.139,0,0,0,0,0,0,0,0,0,0,0,0,0,0,0,0,0,0,0,0,0,0,0,0,0,0,0,0,0,0,0,0,0,0,0,0,0,0,0,0,0,0,0,0,0,0,0,0,0,0,0,0,0,0,0,0,0,0,0,0,0,0,0,0,0,0,0,0,0,0,0,0,0,0,0,0,0,0,0,0,0,0,0,0,0,0,0,0,0,0,0,0,0,0,0,0,0,0,0,0,0,0,0,0,0,0,0,0,0,0,0,0,0,0,0,0,0,0,0,0,0,0,0,0,0,0,0,0,0,0,0,0,0,0,0,0,0,0,0,0,0,0,0,0,0,0,0,0,0,0,0,0,0,0,0,0,0,0,0,0,0,0,0,0,0
for	QF07	20180819	20,2034.080,0,0,0,0,0,0,0,0,0,0,0,0,0,0,0,0,0,0,0,0,62.674,1,62.674,0,0.031,0,0,0,0,0,0,0,0,0,0,0,0,0,0,0,0,0,0,0,0,0,0,0,0,0,0,0,0,0,0,0,0,0,0,0,0,0,0,0,0,0,0,0,0,0,0,0,0,0,0,0,0,0,0,0,0,0,0,0,0,0,0,0,0,0,0,0,0,0,0,0,0,0,0,0,0,0,0,0,0,0,0,0,0,0,0,0,0,0,0,0,0,0,0,0,0,0,0,0,0,0,0,0,0,0,0,0,0,0,0,0,0,0,0,0,0,0,0,0,0,0,0,0,0,0,0,0,0,0,0,0,0,0,0,0,0,0,0,0,0,0,0,0,0,0,0,0,0,0,0,0,0,0,0,0,0,0,0,0,0,0,0,0,0,0,0,0,0,0,0,0,0,0,0,0,0,0,0,0,0,0,0,0,0,0,0,0,0,0,0,0,0,0,0,0,0,0,0,0,0,0,0,0,0,0,0,0,0,0,0,0,0,0,0,0,0,0,0,0,0,0,0,0,0,0,0,0,0,0,0,0,0,0,0,0,0,0,0,0,0,0,0,0,0,0,0,0,0,0,0,0,0,0,0,0,0,0,0,0,0,0,0,0,0,0,0,0,0,0,0,0,0,0,0,0,0,0,0,0,0,0,0,0,0,0,0,0,0,0,0,0,0,0,0,0
for	QF07	20180819	8,2201.480,0,0,0,0,0,0,0,0,0,0,0,0,0,0,0,0,0,0,0,0,0,0,0,0,0,0,0,0,0,0,0,0,0,0,0,0,0,0,0,0,0,0,0,0,0,0,0,0,0,0,0,0,0,0,0,0,0,0,0,0,0,0,0,0,0,0,0,0,0,0,0,0,0,0,0,0,0,0,0,0,0,0,0,0,0,0,0,0,0,0,0,0,0,0,0,0,0,0,0,0,270.444,2,135.222,191.231,0.123,0,0,0,0,0,0,0,0,0,0,0,0,0,0,0,0,0,0,0,0,0,0,0,0,0,0,0,0,0,0,0,0,0,0,0,0,0,0,0,0,0,0,0,0,0,0,0,0,0,0,0,0,0,0,0,0,0,0,0,0,0,0,0,0,0,0,0,0,0,0,0,0,0,0,0,0,0,0,0,0,0,0,0,0,0,0,0,0,0,0,0,0,0,0,0,0,0,0,0,0,0,0,0,0,0,0,0,0,0,0,0,0,0,0,0,0,0,0,0,0,0,0,0,0,0,0,0,0,0,0,0,0,0,0,0,0,0,0,0,0,0,0,0,0,0,0,0,0,0,0,0,0,0,0,0,341.094,3,113.698,115.723,0.155,0,0,0,0,0,0,0,0,0,0,0,0,0,0,0,0,0,0,0,0,0,0,0,0,0,0,0,0,0,0,0,0,0,0,0,0,0,0,0,0,0,0,0,0,0,0,0,0,0,0,0,0,0,0,0
for	QF07	20180820	1,1894.200,0,0,0,0,0,0,0,0,0,0,0,0,0,0,0,0,0,0,0,0,0,0,0,0,0,0,0,0,0,0,0,0,0,0,0,0,0,0,0,0,0,0,0,0,0,0,0,0,0,0,0,0,0,0,0,0,0,0,0,0,0,0,0,0,0,0,0,0,0,0,0,0,0,0,0,0,0,0,0,0,0,0,0,0,0,0,0,0,0,0,0,0,0,0,0,0,0,0,0,0,0,0,0,0,0,0,0,0,0,0,0,0,0,0,0,0,0,0,0,0,0,0,0,0,0,0,0,0,0,0,0,0,0,0,0,0,0,0,0,0,0,0,0,0,0,0,0,0,0,0,0,0,0,0,0,0,0,0,0,0,0,0,0,0,0,0,0,0,0,0,0,0,0,0,0,0,0,0,0,0,0,0,0,0,0,0,0,0,0,0,0,0,0,0,0,0,0,0,0,0,0,0,0,0,0,0,0,0,0,0,0,0,0,0,0,0,0,0,0,0,0,0,0,0,0,0,0,0,0,0,0,0,0,0,0,0,0,0,0,0,0,0,0,0,0,0,0,0,0,0,0,0,0,0,0,0,0,0,0,0,0,0,0,0,0,0,0,0,0,0,0,0,0,0,0,0,0,0,0,0,0,0,0,0,0,0,0,0,0,0,0,0,0,0,0,0,0,0,0,0,0,0,0,0,0,0,0,0,0,0,0,0,0,0,0,0,0,0,0,0
for	QF07	20180820	2,1894.480,0,0,0,0,0,0,0,0,0,0,0,0,0,0,0,0,0,0,0,0,0,0,0,0,0,0,0,0,0,0,0,0,0,0,0,0,0,0,0,0,0,0,0,0,0,0,0,0,0,0,0,0,0,0,0,0,0,0,0,0,0,0,0,0,0,0,0,0,0,0,0,0,0,0,0,0,0,0,0,0,0,0,0,0,0,0,0,0,0,0,0,0,0,0,0,0,0,0,0,0,0,0,0,0,0,0,0,0,0,0,0,0,0,0,0,0,0,0,0,0,0,0,0,0,0,0,0,0,0,0,0,0,0,0,0,0,0,0,0,0,0,0,0,0,0,0,0,0,0,0,0,0,0,0,0,0,0,0,0,0,0,0,0,0,0,0,0,0,0,0,0,0,0,0,0,0,0,0,0,0,0,0,0,0,0,0,0,0,0,0,0,0,0,0,0,0,0,0,0,0,0,0,0,0,0,0,0,0,0,0,0,0,0,0,0,0,0,0,0,0,0,0,0,0,0,0,0,0,0,0,0,0,0,0,0,0,0,0,0,0,0,0,0,0,0,0,0,0,0,0,0,0,0,0,0,0,0,0,0,0,0,0,0,0,0,0,0,0,0,0,0,0,0,0,0,0,0,0,0,0,0,0,0,0,0,0,0,0,0,0,0,0,0,0,0,0,0,0,0,0,0,0,0,0,0,0,0,0,0,0,0,0,0,0,0,0,0,0,0,0
for	QF07	20180820	21,3474.400,0,0,0,0,0,0,0,0,0,0,0,0,0,0,0,0,0,0,0,0,0,0,0,0,0,0,0,0,0,0,0,0,0,0,0,0,0,0,0,0,0,0,0,0,0,0,0,0,0,0,0,0,0,0,0,0,0,0,0,0,0,0,0,0,0,0,0,0,0,0,0,0,0,0,0,0,0,0,0,0,0,0,0,0,0,0,0,0,0,0,0,0,0,0,0,0,0,0,0,0,0,0,0,0,0,0,0,0,0,0,0,0,0,0,0,0,0,0,0,0,0,0,0,0,0,0,0,0,0,0,0,0,0,0,0,0,0,0,0,0,0,0,0,0,0,0,0,0,0,0,0,0,0,0,0,0,0,0,0,0,0,0,0,0,0,0,0,0,0,0,0,0,0,0,0,0,0,0,0,0,0,0,0,0,0,0,0,0,0,0,0,0,0,0,0,0,0,0,0,0,0,0,0,0,0,0,0,0,0,0,0,0,0,0,0,0,0,0,0,0,0,0,0,0,0,0,0,0,0,0,0,0,0,0,0,0,0,0,0,0,0,0,0,0,0,0,0,0,0,0,0,0,0,0,0,0,0,0,0,0,0,0,0,0,0,0,0,0,0,0,0,0,0,0,0,0,0,0,0,0,0,0,0,0,0,0,0,0,0,0,0,0,0,0,0,0,0,0,0,0,0,0,0,0,0,0,0,0,0,0,0,0,0,0,0,0,0,0,0,0
for	QF07	20180821	10,3581.560,0,0,0,0,0,0,0,0,0,0,0,0,0,0,0,0,0,0,0,0,0,0,0,0,0,0,0,0,0,0,0,0,0,0,0,0,0,0,0,0,0,0,0,0,0,0,0,0,0,0,0,0,0,0,0,0,0,0,0,0,0,0,0,0,0,0,0,0,0,0,0,0,0,0,0,0,0,0,0,0,0,0,0,0,0,0,0,0,0,0,0,0,0,0,0,0,0,0,0,0,23.497,1,23.497,0,0.007,0,0,0,0,0,0,0,0,0,0,0,0,0,0,0,0,0,0,0,0,0,0,0,0,0,0,0,0,0,0,0,0,0,0,0,550.242,6,91.707,37.357,0.154,0,0,0,0,0,212.727,4,53.182,67.107,0.059,0,0,0,0,0,0,0,0,0,0,0,0,0,0,0,0,0,0,0,0,0,0,0,0,0,0,0,0,0,0,0,0,0,0,0,0,0,0,0,0,0,0,0,0,0,0,0,0,0,0,0,0,0,0,0,0,0,0,0,0,0,0,0,0,0,0,0,0,0,0,0,0,0,0,0,0,0,0,0,0,0,0,0,0,0,0,0,0,0,0,0,0,0,0,0,0,0,0,0,0,0,0,0,0,0,0,0,0,0,0,0,0,0,0,0,0,0,0,0,0,0,0,0,0,0,0,0,0,0,0,0,0,0,0,0,0,0,0,0,0,0,0,0,0,0,103.720,6,17.287,13.030,0.029,0,0,0,0,0,253.277,1,253.277,0,0.071,0,0,0,0,0
for	QF07	20180821	13,3588.840,0,0,0,0,0,0,0,0,0,0,0,0,0,0,0,0,0,0,0,0,0,0,0,0,0,0,0,0,0,0,0,0,0,0,0,0,0,0,0,0,0,0,0,0,0,0,0,0,0,0,0,0,0,0,0,0,0,0,0,0,0,0,0,0,0,0,0,0,0,0,0,0,0,0,0,0,0,0,0,0,0,0,0,0,0,0,0,0,0,0,0,0,0,0,0,0,0,0,0,0,199.579,2,99.790,64.964,0.056,0,0,0,0,0,244.176,2,122.088,99.722,0.068,0,0,0,0,0,0,0,0,0,0,0,0,0,0,0,0,0,0,0,0,0,0,0,0,0,872.628,21,41.554,47.055,0.243,0,0,0,0,0,77.524,4,19.381,17.187,0.022,0,0,0,0,0,0,0,0,0,0,0,0,0,0,0,0,0,0,0,0,0,0,0,0,0,0,0,0,0,0,0,0,0,0,0,0,0,0,0,0,0,0,0,0,0,0,0,0,0,0,0,0,0,0,0,0,0,0,0,0,0,0,0,0,0,0,0,0,0,0,0,0,0,0,0,0,0,0,0,0,0,0,0,0,0,0,0,0,0,0,0,0,0,0,0,0,0,0,0,0,0,0,0,0,0,0,0,0,0,0,0,0,0,0,0,0,0,0,0,0,0,0,0,0,0,0,0,0,0,0,0,0,0,0,0,0,0,0,0,0,0,0,0,0,0,0,0,0,0,0,0,0,0,0,0,0,0,0,0,0,0,0,0,0,0
nest	QF07	20180813	13,2421.520,0,0,0,0,0,0,0,0,0,0,0,0,0,0,0,0,0,0,0,0,0,0,0,0,0,0,0,0,0,0,0,0,0,0,0,0,0,0,0,0,0,0,0,0,0,0,0,0,0,0,0,0,0,0,0,0,0,0,0,0,0,0,0,0,0,0,0,0,0,0,0,0,0,0,0,0,0,0,0,0,0,0,0,0,0,0,0,0,0,0,0,0,0,0,0,0,0,0,0,0,0,0,0,0,0,0,0,0,0,0,0,0,0,0,0,0,0,0,0,0,0,0,0,0,0,0,0,0,0,0,0,0,0,0,0,0,0,0,0,0,0,0,0,0,0,0,0,0,0,0,0,0,0,0,0,0,0,0,0,0,0,0,0,0,0,0,0,0,0,0,0,0,0,0,0,0,0,0,0,0,0,0,0,0,0,0,0,0,0,0,0,0,0,0,0,0,0,0,0,0,0,0,0,0,0,0,0,0,0,0,0,0,0,0,0,0,0,0,0,0,0,0,0,0,0,0,0,0,0,0,0,0,0,0,0,0,0,0,0,0,0,0,0,0,0,0,0,0,0,0,0,0,0,0,0,0,0,0,0,0,0,0,0,0,0,0,0,0,0,0,0,0,0,0,0,0,0,0,0,0,0,0,0,0,0,0,0,0,0,0,0,0,0,0,0,0,0,0,0,0,0,0,0,0,0,0,0,0,0,0,0,0,0,0,0,0,0,0,0,0
nest	QF07	20180813	16,1511.560,0,0,0,0,0,0,0,0,0,0,0,0,0,0,0,0,0,0,0,0,0,0,0,0,0,0,0,0,0,0,0,0,0,0,0,0,0,0,0,0,0,0,0,0,0,0,0,0,0,0,0,0,0,0,0,0,0,0,0,0,0,0,0,0,0,0,0,0,0,0,0,0,0,0,0,0,0,0,0,0,0,0,0,0,0,0,0,0,0,0,0,0,0,0,0,0,0,0,0,0,0,0,0,0,0,0,0,0,0,0,0,0,0,0,0,0,0,0,0,0,0,0,0,0,0,0,0,0,0,0,0,0,0,0,0,0,0,0,0,0,0,0,0,0,0,0,0,0,0,0,0,0,0,0,0,0,0,0,0,0,0,0,0,0,0,0,0,0,0,0,0,0,0,0,0,0,0,0,0,0,0,0,0,0,0,0,0,0,0,0,0,0,0,0,0,0,0,0,0,0,0,0,0,0,0,0,0,0,0,0,0,0,0,0,0,0,0,0,0,0,0,0,0,0,0,0,0,0,0,0,0,0,0,0,0,0,0,0,0,0,0,0,0,0,0,0,0,0,0,0,0,0,0,0,0,0,0,0,0,0,0,0,0,0,0,0,0,0,0,0,0,0,0,0,0,0,0,0,0,0,0,0,0,0,0,0,0,0,0,0,0,0,0,0,0,0,0,0,0,0,0,0,0,0,0,0,0,0,0,0,0,0,0,0,0,0,0,0,0,0
nest	QF07	20180813	18,1456.600,0,0,0,0,0,0,0,0,0,0,0,0,0,0,0,0,0,0,0,0,0,0,0,0,0,0,0,0,0,0,0,0,0,0,0,0,0,0,0,0,0,0,0,0,0,0,0,0,0,0,0,0,0,0,0,0,0,0,0,0,0,0,0,0,0,0,0,0,0,0,0,0,0,0,0,0,0,0,0,0,0,0,0,0,0,0,0,0,0,0,0,0,0,0,0,0,0,0,0,0,0,0,0,0,0,0,0,0,0,0,0,0,0,0,0,0,0,0,0,0,0,0,0,0,0,0,0,0,0,0,0,0,0,0,0,0,0,0,0,0,0,0,0,0,0,0,0,0,0,0,0,0,0,0,0,0,0,0,0,0,0,0,0,0,0,0,0,0,0,0,0,0,0,0,0,0,0,0,0,0,0,0,0,0,0,0,0,0,0,0,0,0,0,0,0,0,0,0,0,0,0,0,0,0,0,0,0,0,0,0,0,0,0,0,0,0,0,0,0,0,0,0,0,0,0,0,0,0,0,0,0,0,0,0,0,0,0,0,0,0,0,0,0,0,0,0,0,0,0,0,0,0,0,0,0,0,0,0,0,0,0,0,0,0,0,0,0,0,0,0,0,0,0,0,0,0,0,0,0,0,0,0,0,0,0,0,0,0,0,0,0,0,0,0,0,0,0,0,0,0,0,0,0,0,0,0,0,0,0,0,0,0,0,0,0,0,0,0,0,0
nest	QF07	20180813	8,1661.560,0,0,0,0,0,0,0,0,0,0,0,0,0,0,0,0,0,0,0,0,0,0,0,0,0,0,0,0,0,0,0,0,0,0,0,0,0,0,0,0,78.453,2,39.227,47.337,0.047,0.000,1,0.000,0,0.000,0,0,0,0,0,181.348,3,60.449,45.119,0.109,0,0,0,0,0,44.622,1,44.622,0,0.027,0,0,0,0,0,0,0,0,0,0,0,0,0,0,0,0.000,1,0.000,0,0.000,0,0,0,0,0,0,0,0,0,0,0,0,0,0,0,0,0,0,0,0,0,0,0,0,0,6.278,1,6.278,0,0.004,47.788,1,47.788,0,0.029,0.000,1,0.000,0,0.000,0,0,0,0,0,0,0,0,0,0,0,0,0,0,0,48.003,1,48.003,0,0.029,0,0,0,0,0,23.778,1,23.778,0,0.014,54.698,2,27.349,24.180,0.033,0.000,1,0.000,0,0.000,0,0,0,0,0,32.325,1,32.325,0,0.019,0,0,0,0,0,212.369,1,212.369,0,0.128,0,0,0,0,0,0,0,0,0,0,8.269,1,8.269,0,0.005,0.000,1,0.000,0,0.000,0,0,0,0,0,0,0,0,0,0,0,0,0,0,0,291.125,1,291.125,0,0.175,0,0,0,0,0,0,0,0,0,0,186.141,1,186.141,0,0.112,0.000,1,0.000,0,0.000,0.000,4,0.000,0.000,0.000,0,0,0,0,0,0,0,0,0,0,0,0,0,0,0,0,0,0,0,0,0,0,0,0,0,0,0,0,0,0,0,0,0,0,0,0,0,0,0,0,0,0,0,0,0,0,0,0,0,0,0,0,0,0,0,0,0,0,0,0,0,0,0,0,0
nest	QF07	20180814	11,2116.080,0,0,0,0,0,0,0,0,0,0,0,0,0,0,0,0,0,0,0,0,0,0,0,0,0,0,0,0,0,0,0,0,0,0,0,0,0,0,0,0,0,0,0,0,0,0,0,0,0,0,0,0,0,0,0,0,0,0,0,0,0,0,0,0,0,0,0,0,0,0,0,0,0,0,0,0,0,0,0,0,0,0,0,0,0,0,0,0,0,0,0,0,0,0,0,0,0,0,0,0,0,0,0,0,0,0,0,0,0,0,0,0,0,0,0,0,0,0,0,0,0,0,0,0,0,0,0,0,0,0,0,0,0,0,0,0,0,0,0,0,0,0,0,0,0,0,0,0,0,0,0,0,0,0,0,0,0,0,0,0,0,0,0,0,0,0,0,0,0,0,0,0,0,0,0,0,0,0,0,0,0,0,0,0,0,0,0,0,0,0,0,0,0,0,0,0,0,0,0,0,0,0,0,0,0,0,0,0,0,0,0,0,0,0,0,0,0,0,0,0,0,0,0,0,0,0,0,0,0,0,0,0,0,0,0,0,0,0,0,0,0,0,0,0,0,0,0,0,0,0,0,0,0,0,0,0,0,0,0,0,0,0,0,0,0,0,0,0,0,0,0,0,0,0,0,0,0,0,0,0,0,0,0,0,0,0,0,0,0,0,0,0,0,0,0,0,0,0,0,0,0,0,0,0,0,0,0,0,0,0,0,0,0,0,0,0,0,0,0,0
nest	QF07	20180814	19,3531.080,0,0,0,0,0,0,0,0,0,0,0,0,0,0,0,0,0,0,0,0,0,0,0,0,0,0,0,0,0,0,0,0,0,0,0,0,0,0,0,0,0,0,0,0,0,0,0,0,0,0,0,0,0,0,0,0,0,0,0,0,0,0,0,0,0,0,0,0,0,0,0,0,0,0,0,0,0,0,0,0,0,0,0,0,0,0,0,0,0,0,0.000,1,0.000,0,0.000,0,0,0,0,0,0,0,0,0,0,0,0,0,0,0,0,0,0,0,0,0,0,0,0,0,0,0,0,0,0,0,0,0,0,0,0,0,0,0,0,0,0,0,0,0,0,0,0,0,0,0,0,0,0,0,0,0,0,0,0,0,0,0,0,0,0,0,0,0,0,0,0,0,0,0,0,0,0,0,0,0,0,0,0,0,0,0,0,0,0,0,0,0,0,0,0,0,0,0,0,0,0,0,0,0,0,0,0,0,0,0,0,0,0,0,0,0,0,0,0,0,0,0,0,0,0,0,0,0,0,0,0,0,0,0,0,0,0,0,0,0,0,0,0,0,0,0,0,0,0,0,0,0,0,0,0,0,0,0,0,0,0,0,0,0,0,0,0,0,0,0,0,0,0,0,0,0,0,0,0,0,0,0,0,0,0,0,0,0,0,0,0,0,0,0,0,0,0,0,0,0,0,0,0,0,0,0,0,0,0,0,0,0,0,0,0,0,0,0,0,0,0,0,0,0
nest	QF07	20180814	3,1023.120,0,0,0,0,0,0,0,0,0,0,0,0,0,0,0,0,0,0,0,0,0,0,0,0,0,0,0,0,0,0,0,0,0,0,0,0,0,0,0,0,56.340,1,56.340,0,0.055,0.000,1,0.000,0,0.000,0,0,0,0,0,106.248,1,106.248,0,0.104,0,0,0,0,0,127.898,1,127.898,0,0.125,0,0,0,0,0,8.675,1,8.675,0,0.008,228.389,1,228.389,0,0.223,0.000,1,0.000,0,0.000,0.000,1,0.000,0,0.000,0,0,0,0,0,0,0,0,0,0,0,0,0,0,0,0,0,0,0,0,32.036,1,32.036,0,0.031,0,0,0,0,0,0.000,1,0.000,0,0.000,0,0,0,0,0,0,0,0,0,0,0,0,0,0,0,299.164,1,299.164,0,0.292,0,0,0,0,0,0,0,0,0,0,0,0,0,0,0,0.000,1,0.000,0,0.000,0,0,0,0,0,0,0,0,0,0,0,0,0,0,0,101.982,1,101.982,0,0.100,0,0,0,0,0,1.190,1,1.190,0,0.001,0,0,0,0,0,0.000,1,0.000,0,0.000,0,0,0,0,0,0,0,0,0,0,0,0,0,0,0,0,0,0,0,0,0,0,0,0,0,0,0,0,0,0,17.902,1,17.902,0,0.017,0.000,1,0.000,0,0.000,0,0,0,0,0,0,0,0,0,0,0,0,0,0,0,52.871,2,26.436,23.936,0.052,0,0,0,0,0,0,0,0,0,0,0,0,0,0,0,0,0,0,0,0,0,0,0,0,0,0,0,0,0,0,0,0,0,0,0,0,0,0,0,0,0,0,0,0,0,0,0,0,0,0
nest	QF07	20180814	5,1185.120,0,0,0,0,0,0,0,0,0,0,0,0,0,0,0,0,0,0,0,0,0,0,0,0,0,0,0,0,0,0,0,0,0,0,0,0,0,0,0,0,0,0,0,0,0,0,0,0,0,0,0,0,0,0,0,0,0,0,0,0,0,0,0,0,0,0,0,0,0,0,0,0,0,0,0,0,0,0,0,0,0,0,0,0,0,0,0,0,0,0,0,0,0,0,0,0,0,0,0,0,0,0,0,0,0,0,0,0,0,0,0,0,0,0,0,0,0,0,0,0,0,0,0,0,0,0,0,0,0,0,0,0,0,0,0,0,0,0,0,0,0,0,0,0,0,0,0,0,0,0,0,0,0,0,0,0,0,0,0,0,0,0,0,0,0,0,0,0,0,0,0,0,0,0,0,0,0,0,0,0,0,0,0,0,0,0,0,0,0,0,0,0,0,0,0,0,0,0,0,0,0,0,0,0,0,0,0,0,0,0,0.000,5,0.000,0.000,0.000,0,0,0,0,0,0,0,0,0,0,0,0,0,0,0,0,0,0,0,0,0,0,0,0,0,0,0,0,0,0,0,0,0,0,0,0,0,0,0,0,0,0,0,0,0,0,0,0,0,0,0,0,0,0,0,0,0,0,0,0,0,0,0,0,0,0,0,0,0,0,0,0,0,0,0,0,0,0,0,0,0,0,0,0,0,0,0,0,0,0,0,0,0,0,0,0,0,0,0,0,0,0,0,0,0
nest	QF07	20180814	6,1401.160,0,0,0,0,0,0,0,0,0,0,0,0,0,0,0,0,0,0,0,0,0,0,0,0,0,0,0,0,0,0,0,0,0,0,0,0,0,0,0,0,0,0,0,0,0,0,0,0,0,0,0,0,0,0,0,0,0,0,0,0,0,0,0,0,0,0,0,0,0,0,0,0,0,0,0,0,0,0,0,0,0,0,0,0,0,0,0,0,0,0,0,0,0,0,0,0,0,0,0,0,0,0,0,0,0,0,0,0,0,0,0,0,0,0,0,0,0,0,0,0,0,0,0,0,0,0,0,0,0,0,0,0,0,0,0,0,0,0,0,0,0,0,0,0,0,0,0,0,0,0,0,0,0,0,0,0,0,0,0,0,0,0,0,0,0,0,0,0,0,0,0,0,0,0,0,0,0,0,0,0,0,0,0,0,0,0,0,0,0,0,0,0,0,0,0,0,0,0,0,0,0,0,0,0,0,0,0,0,0,0,0.000,1,0.000,0,0.000,0,0,0,0,0,0,0,0,0,0,0,0,0,0,0,0,0,0,0,0,0,0,0,0,0,0,0,0,0,0,0,0,0,0,0,0.000,2,0.000,0.000,0.000,0,0,0,0,0,0,0,0,0,0,0,0,0,0,0,0,0,0,0,0,0,0,0,0,0,0,0,0,0,0,0,0,0,0,0,0,0,0,0,0,0,0,0,0,0,0,0,0,0,0,0,0,0,0,0,0,0,0,0,0,0,0,0,0,0
nest	QF07	20180819	1,2264.200,0,0,0,0,0,0,0,0,0,0,0,0,0,0,0,0,0,0,0,0,0,0,0,0,0,0,0,0,0,0,0,0,0,0,0,0,0,0,0,0,0,0,0,0,0,0,0,0,0,0,0,0,0,0,0,0,0,0,0,0,0,0,0,0,0,0,0,0,0,0,0,0,0,0,0,0,0,0,0,0,0,0,0,0,0,0,0,0,0,0,0,0,0,0,0,0,0,0,0,0,0,0,0,0,0,0,0,0,0,0,0,0,0,0,0,0,0,0,0,0,0,0,0,0,0,0,0,0,0,0,0,0,0,0,0,0,0,0,0,0,0,0,0,0,0,0,0,0,0,0,0,0,0,0,0,0,0,0,0,0,0,0,0,0,0,0,0,0,0,0,0,0,0,0,0,0,0,0,0,0,0,0,0,0,0,0,0,0,0,0,0,0,0,0,0,0,0,0,0,0,0,0,0,0,0,0,0,0,0,0,0.000,2,0.000,0.000,0.000,0,0,0,0,0,0,0,0,0,0,0,0,0,0,0,0,0,0,0,0,0,0,0,0,0,0,0,0,0,0,0,0,0,0,0,0,0,0,0,0,0,0,0,0,0,0,0,0,0,0,0,0,0,0,0,0,0,0,0,0,0,0,0,0,0,0,0,0,0,0,0,0,0,0,0,0,0,0,0,0,0,0,0,0,0,0,0,0,0,0,0,0,0,0,0,0,0,0,0,0,0,0,0,0,0
nest	QF07	20180819	18,2063.400,0,0,0,0,0,0,0,0,0,0,0,0,0,0,0,0,0,0,0,0,0,0,0,0,0,0,0,0,0,0,0,0,0,0,0,0,0,0,0,0,0,0,0,0,0,0,0,0,0,0,0,0,0,0,0,0,0,0,0,0,0,0,0,0,0,0,0,0,0,0,0,0,0,0,0,0,0,0,0,0,0,0,0,0,0,0,0,0,0,0,0,0,0,0,0,0,0,0,0,0,0,0,0,0,0,0,0,0,0,0,0,0,0,0,0,0,0,0,0,0,0,0,0,0,0,0,0,0,0,0,0,0,0,0,0,0,0,0,0,0,0,0,0,0,0,0,0,0,0,0,0,0,0,0,0,0,0,0,0,0,0,0,0,0,0,0,0,0,0,0,0,0,0,0,0,0,0,0,0,0,0,0,0,0,0,0,0,0,0,0,0,0,0,0,0,0,0,0,0,0,0,0,0,0,0,0,0,0,0,0,0,0,0,0,0,0,0,0,0,0,0,0,0,0,0,0,0,0,0,0,0,0,0,0,0,0,0,0,0,0,0,0,0,0,0,0,0,0,0,0,0.000,1,0.000,0,0.000,0,0,0,0,0,0,0,0,0,0,0,0,0,0,0,0,0,0,0,0,0,0,0,0,0,0,0,0,0,0,0,0,0,0,0,0,0,0,0,0,0,0,0,0,0,0,0,0,0,0,0,0,0,0,0,0,0,0,0,0,0,0,0,0,0
nest	QF07	20180819	20,2018.160,0,0,0,0,0,0,0,0,0,0,0,0,0,0,0,0,0,0,0,0,0,0,0,0,0,0,0,0,0,0,0,0,0,0,0,0,0,0,0,0,0,0,0,0,0,0,0,0,0,0,0,0,0,0,0,0,0,0,0,0,0,0,0,0,0,0,0,0,0,0,0,0,0,0,0,0,0,0,0,0,0,0,0,0,0,0,0,0,0,0,0,0,0,0,0,0,0,0,0,0,0,0,0,0,0,0,0,0,0,0,0,0,0,0,0,0,0,0,0,0,0,0,0,0,0,0,0,0,0,0,0,0,0,0,0,0,0,0,0,0,0,0,0,0,0,0,0,0,0,0,0,0,0,0,0,0,0,0,0,0,0,0,0,0,0,0,0,0,0,0,0,0,0,0,0,0,0,0,0,0,0,0,0,0,0,0,0,0,0,0,0,0,0,0,0,0,0,0,0,0,0,0,0,0,0,0,0,0,0,0,0.000,4,0.000,0.000,0.000,0,0,0,0,0,0,0,0,0,0,0,0,0,0,0,0,0,0,0,0,0,0,0,0,0,0,0,0,0,0,0,0,0,0,0,0.000,3,0.000,0.000,0.000,0,0,0,0,0,0,0,0,0,0,0,0,0,0,0,0,0,0,0,0,0,0,0,0,0,0,0,0,0,0,0,0,0,0,0,0,0,0,0,0,0,0,0,0,0,0,0,0,0,0,0,0,0,0,0,0,0,0,0,0,0,0,0,0,0
nest	QF07	20180820	2,1889.600,0,0,0,0,0,0,0,0,0,0,0,0,0,0,0,0,0,0,0,0,0,0,0,0,0,0,0,0,0,0,0,0,0,0,0,0,0,0,0,0,0,0,0,0,0,0,0,0,0,0,0,0,0,0,0,0,0,0,0,0,0,0,0,0,0,0,0,0,0,0,0,0,0,0,0,0,0,0,0,0,0,0,0,0,0,0,0,0,0,0,0,0,0,0,0,0,0,0,0,0,0,0,0,0,0,0,0,0,0,0,0,0,0,0,0,0,0,0,0,0,0,0,0,0,0,0,0,0,0,0,0,0,0,0,0,0,0,0,0,0,0,0,0,0,0,0,0,0,0,0,0,0,0,0,0,0,0,0,0,0,0,0,0,0,0,0,0,0,0,0,0,0,0,0,0,0,0,0,0,0,0,0,0,0,0,0,0,0,0,0,0,0,0,0,0,0,0,0,0,0,0,0,0,0,0,0,0,0,0,0,0,0,0,0,0,0,0,0,0,0,0,0,0,0,0,0,0,0,0,0,0,0,0,0,0,0,0,0,0,0,0,0,0,0,0,0,0,0,0,0,0.000,2,0.000,0.000,0.000,0,0,0,0,0,0,0,0,0,0,0,0,0,0,0,0,0,0,0,0,0,0,0,0,0,0,0,0,0,0,0,0,0,0,0,0,0,0,0,0,0,0,0,0,0,0,0,0,0,0,0,0,0,0,0,0,0,0,0,0,0,0,0,0,0
